user,time,content,kind
u/cryptobach,2 hours ago,"https://medium.com/@matrixainetwork/inside-the-matrix-3-matrix-and-the-belt-and-road-c7ffe6eb8d64",shared
u/jackthehorse,2 days ago,"https://coincodex.com/article/2796/top-3-coins-to-watch-dec-24-dec-30-2018/",shared
u/cryptobach,3 days ago,"https://medium.com/@50Satoshis/when-we-think-about-matrix-ai-network-the-thought-that-often-comes-to-mind-is-artificial-deec09e395e0",shared
u/cryptobach,4 days ago,"https://medium.com/@50Satoshis/matrix-ai-network-using-mining-to-create-real-wold-value-in-the-field-of-medicine-fe8de9ccd214",shared
u/Kurisu9,4 days ago,"https://blog.usejournal.com/while-blockchain-platforms-struggle-with-consensus-matrix-ai-perfects-it-6a417976386c",shared
u/moonoverlord,5 days ago,"https://news.kucoin.com/en/kucoin-will-support-the-matrix-ai-network-man-mainnet-token-swap/?fbclid=IwAR2rTmL0-1SmSz_r-hTEBunZIFoGdjde_RMoCANzSrFCKjVfizMalMcc7TE",shared
u/Kurisu9,5 days ago,"https://medium.com/@cris.montoya92/chinese-equity-giant-cybernaught-certifies-and-invests-in-matrix-ai-network-de10695f7ca5",shared
u/Divan-Bnar,5 days ago,"https://twitter.com/FazilBnar/status/1076155789679775746?s=19",shared
u/mataleo,5 days ago,"https://medium.com/p/f7c6c647fac",shared
u/Kurisu9,6 days ago,"https://medium.com/@cris.montoya92/possible-matrix-masternode-budget-build-example-build-3e6d96d336c1",shared
u/officialkucoin,9 days ago,"https://news.kucoin.com/en/kucoin-will-support-the-matrix-ai-network-man-mainnet-token-swap/",shared
u/cryptobach,10 days ago,"https://medium.com/@50Satoshis/matrix-is-uniquely-positioned-to-make-use-of-its-blockchain-within-different-parts-of-the-health-a1236cc6d5fe",shared
u/Kurisu9,15 days ago,"https://medium.com/@cris.montoya92/matrix-ai-network-and-the-abcd-alliance-in-china-7385481a8e19",shared
u/cryptobach,17 days ago,"https://medium.com/@50Satoshis/creating-value-by-integrating-matrix-and-iot-538c151ea8",shared
u/Divan-Bnar,21 days ago,"https://twitter.com/FazilBnar/status/1070336459889147906?s=19",shared
u/mataleo,21 days ago,"https://twitter.com/MATRIXAINetwork/status/1069967444838674432",shared
u/Steven_Shillberg,23 days ago,"https://medium.com/@Price_Steven/matrix-ai-network-masternode-rewards-and-roi-eb6ef32c06fa",shared
u/cryptobach,23 days ago,"https://medium.com/@50Satoshis/matrix-shines-in-the-heart-of-kurdis-e294bedb35ae",shared
u/cryptobach,24 days ago,"https://medium.com/@matrixainetwork/matrix-monthly-report-for-november-2018-7811b830afcd",shared
u/cryptoshillnye,24 days ago,"https://medium.com/@matrixainetwork/its-a-bird-it-s-a-plane-it-s-the-matrix-ai-network-participation-incentives-4ed487f8a796",shared
u/Steven_Shillberg,24 days ago,"https://mobile.twitter.com/MATRIXAINetwork/status/1069243263335378944",shared
u/mataleo,26 days ago,"https://www.timeanddate.com/countdown/launch?iso=20181231T000001&p0=33&msg=Matrix+AI+Network+main+net&font=cursive&csz=1",shared
u/cryptobach,26 days ago,"https://medium.com/@matrixainetwork/get-out-the-vote-announcing-the-matrix-mascot-design-competition-popular-choice-finalists-da0beb08bafa",shared
u/Kurisu9,26 days ago,"https://twitter.com/MATRIXAINetwork/status/1068477189190905861",shared
u/Steven_Shillberg,27 days ago,"https://twitter.com/CryptoShillNye/status/1067885984593801216",shared
u/Divan-Bnar,27 days ago,"https://twitter.com/FazilBnar/status/1068086982423863296?s=19",shared
u/cryptobach,1 month ago,"https://medium.com/@matrixainetwork/pain-points-blocking-criminal-behavior-2d5d34fd86cf",shared
u/Kurisu9,1 month ago,"https://medium.com/@cris.montoya92/despite-the-cold-bear-market-matrix-ai-ushers-in-the-most-bullish-ama-in-the-blockchain-space-65768270aeef",shared
u/cryptobach,1 month ago,"https://medium.com/@matrixainetwork/judgement-day-the-ai-server-competition-strikes-back-619131ca63c0",shared
u/mataleo,1 month ago,"https://t.me/MatrixAIMasternodes",shared
u/cryptobach,1 month ago,"https://medium.com/@matrixainetwork/what-the-tech-matrix-working-with-litex-e50f4ce52013",shared
u/Steven_Shillberg,1 month ago,"https://medium.com/@matrixainetwork/writing-standards-the-artificial-intelligence-and-blockchain-council-838656dab867",shared
u/cryptobach,1 month ago,"What is MATRIX?

MATRIX  is an open-source blockchain that supports smart contracts and machine  learning services. With its infrastructure re-built with artificial  intelligence (AI) techniques, MATRIX revolutionizes the user experience  of executing smart contracts by making the whole process faster, easier,  and safer. MATRIX offers breakthrough technologies in building highly  flexible blockchain networks, which support adaptive self-optimization  and multi-chain collaboration. In addition to refactoring the blockchain  with AI, MATRIX also allows its mining power to be used AI based big  data applications

What is the ticker?

MAN

What is the coin used for?

A perfect answer to this question can be found in an article by the CEO here

Where can I store MAN?

MAN  is ERC-20 for now until the mainnet is launched, you can store it in  any ERC20 compatible wallets. MyEtherWallet is recommended.

How do I see MAN in MyEtherWallet?

You have to add it as a custom token. Steps:

Press “Add token” and enter following details:

Token contract address:

0xe25bCec5D3801cE3a794079BF94adF1B8cCD802D

Token Symbol: MAN

Digits: 18

Within a few seconds you should be able to see your MAN token balance in your Ethereum wallet.

When is the MAN native blockchain expected to launch?

The  MATRIX blockchain is aiming to launch in Q3 2018 - September. MATRIX  will also release a number of demo and beta applications on Ethereum in  the meantime for their partners to make use of.

I heard about an additional token sale?

A  portion of the non-circulating supply is currently reserved to be used  in a second token sale to fund the hardware development and manufacture  for the bayesian mining machines in Q3 2019.

What are main features of MATRIX?

Thanks to fast-growing AI technologies, MATRIX offers unique features as follows.


EASIER: Allowing everybody to design smart contracts without explicit programming skills.
SAFER: Making blockchains more robust under malicious attacks.
FASTER: Enabling faster transactions and higher processing throughput.
MORE FLEXIBLE: Seamless integration of public and private chains with the capability of adaptive optimization.


No programming? How?

In  addition to writing smart contracts in the same way as programmers  would on other blockchains, the unique code generation technique of  MATRIX allows automatic conversion of an abstract description of the  contract into an executable program.

MATRIX  only asks the users to input the core elements (input, output, trigger  conditions). Then the neural network will automatically generate the  code to convert the script into the equivalent program.

Isn't that impossible? /u/xyz said that its a lie and can't be done, because program synthesis "isn't possible".


xxxxxx,Nice  to know you're so familiar with our proposal. In our blockchain, a user  defines their intention with a natural language, but the respective  smart contract is still a program in a programming language. We provide  tools for the conversion from an intention to a program.The  general problem of generating programs from natural language is  certainly a hard one. Microsoft's deepcoder project illustrates the  possibility to generate program from an algorithmic description with  deep learning techniques, but it's still far from mature. On the other  hand, programs for smart contracts are much more restricted in terms of  underlying programming patterns. Our analysis on existing Ethereum code  reveals that these programs can be covered by ~60 programming patterns.  Therefore, our idea is actually simple:A  user defines their contract intention with a natural language  (currently English and Chinese) in either spoken or written form.A deep learning based procedure extracts the underlying patterns of transaction.A  library (which is constructed in advance) based procedure is used to  generate the program by composing code for each pattern from snippets in  the librarySo you are  correct. A user says something like "Send X MAN to Y address on  condition Z", which is the simplest pattern, is one of them. It is then  straightforward to generate the code for such a behavior.Yangdong


Formal smart contract code security verification? How?

There  are 4 main parts to the formal contract security verification, they can  each be read about in detail in the technical whitepaper. MATRIX has  generative adversarial network based security and distributed  concurrence-based dynamic model verification. Essentially this means  that before smart contracts are deployed to the network, they are  attacked by AI generated hacker programs which target vulnerabilities  and loopholes in the code in a sandbox environment. The neural network  that the code is based on is already being trained on the ERC-20  contracts on the Ethereum network.

What is MATRIX's consensus mechanism?

MATRIX  adopts a unique hybrid PoS + PoW consensus mechanism. The PoW is  performed in a significantly smaller network of delegates, which are  selected with a random distributed voting algorithm. The probability of a  node to be selected is proportional to its PoS. The “winner” delegate  shares the PoW reward with other nodes in its cluster. This mechanism  eliminates the latency issues associated with scaling commonly faced by  other blockchains.

Does MATRIX need mining?

Yes,  MATRIX adopts a hybrid PoS + PoW consensus mechanism and requires  mining for the PoW part. The mining computing of MATRIX is not the  commonly used Hash functions, which do not have added values outside the  scope of cryptocurrency. Instead, MATRIX adopts the Markov Chain Monte  Carlo (MCMC), a Bayesian computing pattern, as the mining function.  Since MCMC has wide applications in scientific and industry domains, the  PoW computing can be treated as crowdsourcing for such applications.

What is the total supply of MAN?

There  can be 1,000,000,000 MAN ever. 15% of the maximum supply was sold in  ICO, and 10% is with the foundation for business and community  development and will not go directly to market. 25% of tokens are  created currently. The rest, 75%, is broken down as 40% is for mining  and 35% is for community, hardware development, team. It will take  decades for the max amount of tokens to reach circulation. There is a  lock period of 2 years on the team tokens.

What is the circulating supply of MAN?

The  circulating supply is approximately 150,000,000 MAN. There is also  100,000,000 that the foundation has unlocked, however, foundation tokens  are omitted from CoinMarketCap's circulating supply definition.

What is MATRIX's connection to the Belt and Road Initiative?

MATRIX's  head of business ecology/partnerships is Executive Projects Expert for  the state-owned Belt and Road Research and Development Center. MATRIX  are the exclusive blockchain partner and the exclusive AI partner for  the center and all blockchain related Belt and Road contracts and  projects via the center go to MATRIX.

What is the connection between MATRIX and Alibaba Group?

There  is no direct connection between MATRIX and Alibaba. One of MATRIX's  angel investors is F&H, a fund which is founded and directly managed  by John Wu, former CTO of the Alibaba Group.

How did MATRIX have an ICO if ICOs are banned in China?

The  MATRIX project is governed and supervised by the MATRIX Foundation. The  foundation is registered in Hong Kong, not China. The Foundation has  separate departments to manage various aspects of the development and  operations of MATRIX. The law firm, ReedSmith Richards Butler is the  legal advisor to the Foundation.

Who is in the the foundation?

The  Foundation was founded by the following three persons who are also  currently advisors of the Foundation to the MATRIX team and MATRIX  Blockchain:

Michael Lai-Yick Ng

Michael  co-founded Legend Holdings group (now known as Lenovo Group Limited,  HKSE Stock Code: 992) in 1988 and Asia Online Limited in 1993. In 2000,  he founded North 22 Technology Services Group. As an IT and Internet  veteran, Mr. Ng has over 35 years of experience in the technology sector  in Greater China.

Benedict Tai

Mr.  Tai is a retired partner of a major US law firm with over 30 years of  experience specializing in cross-border corporate finance. He was also  an investment banker with Lehman Brothers specializing in TMT. He was  one of the founders of Latitude Capital, a boutique merchant bank with  offices in Beijing, Shanghai and Hong Kong. He is a member of the New  York Bar Association and a member of the Hong Kong Law Society.

Ignatius Cheng Kwok-Lap

Ignatius  Cheng was the Chief Financial Officer (“CFO”) and Company Secretary of  Legend Holdings Limited (now known as Lenovo Group Limited, HKSE Stock  Code: 992) in 1988. In 2002, he founded InnoState Holdings Limited,  which is a private equity investment company. Ignatius Cheng is a fellow  member of The Association of Chartered Certified Accountants, United  Kingdom and an associate member of The Hong Kong Institute of Certified  Public Accountants.

How can I be sure of MATRIX's AI competency?

These are a good starting point:

https://github.com/MatrixAINetwork/WhitePaper/blob/master/MATRIXLab/aaai18_camera.pdf https://github.com/MatrixAINetwork/papers/blob/master/ASPLOS'18.pdf https://github.com/MatrixAINetwork/WhitePaper/blob/master/MATRIXLab/Hypergraph4driving.pdf https://github.com/MatrixAINetwork/papers/blob/master/TCAD%E2%80%9816.pdf https://github.com/MatrixAINetwork/Deep-Learning-Tutorial/blob/master/2-CNN%20Primer.pdf https://github.com/MatrixAINetwork/Talks/blob/master/From%20High%20Speed%20Train%20to%20Bayesian%20Network.pdf https://github.com/MatrixAINetwork/Talks/blob/master/Stochastic%20Bayesian%20Computing.pdf https://github.com/MatrixAINetwork/Talks/blob/master/Embedded%20Deep%20Learning.pdf

Aside from the leadership team and the foundation, who else is in the MATRIX team?

MATRIX  has 25 engineers, 5 more to be on-boarded at the time of writing, from a  range of Alibaba, Microsoft, Facebook, Stanford, UC Berkeley, Tsinghua,  TU Munich (best school in Germany), Face++, Huawei and more. 

--

Threads you should read

Intro to MATRIX presentation by Dr Deng

Details  about their Cancer Diagnosis and Treatment Solution in partnership with  the National Health and Welfare Commission and various hospitals

Some of Dr Deng's books, resume, some presentations, and various award winning papers 

Research about Dr Li - He is technical director for one of the Chinese Government's "Major 5G IOT projects" currently

Confirmation of Cybernaut VC investment and intro to Cybernaut (huge)

Head  of Partnerships John Zhu advising the deputy head of the Central  Political and Legal Commission on a new Belt and Road project 
",article
u/jawnbear,4 hours ago,"Hmmmmmmmmm.....
",article
u/cryptobach,1 day ago,"The Matrix project was officially launched post ico sometime in January and after that period we had one of the most interesting projects this year successfully launch their test net and will eventually be launching the main net in a couple days. 

Safe to say this hasn't been easy and the market has not been favorable and on our side but Matrix has managed to keep their head down, work and in my personal opinion surpassed all expectations I had this year. The biggest concern a lot of people had was the fact that the roadmap was long, but we have seen how Matrix was able to blast through it in a far less time. 

So what do you guys think? Did Matrix do well this year?
",article
u/Varadon,1 day ago,"Hey guys,

I see many people are raising more and more questions about the upcoming token-swap. Could you post here your concerns / questions about the tokenswap which I will forward to the team? It's important to clear all questions here so we don't have the same questions occuring over and over again. So please go ahead here!

-----------------------

Hey Leute,

ich sehe immer mehr Fragen über den Tokenswap, der demnächst stattfinden wird. Falls Ihr Fragen habt, die geklärt werden müssen, bitte schreibt diese hier rein. Ich werde es an das Team weitergeben und hoffentlich können wir hier Fragen / Probleme schnell klären. Also einfach schreiben! Danke!

​
",article
u/cryptobach,4 days ago,"The Matrix AI Network ai server competition is finally coming to an end. Lots of submissions from lots of enthusiastic community members, I'm definitely sure the server had its fair share of images to process.

This week is the final week so lets make it a big one, "People using tech", the harder we can make the server work the better,  so GET CREATIVE!

Good Luck Everyone!
",article
u/cryptobach,5 days ago,"On December 13, on a conference jointly hosted by Zhongke Chuangda and Tsinghua University and Qualcomm. 

During his speech Dr Deng mentioned how Artificial Intelligence backed Prognostics and Health Management to solve three problems:

- Status monitoring

- Troubleshooting

- Optimize decision making.

Dr Deng relies on a data driven approach to predictive health management by using the relationship of data reconstruction mechanisms.

**

If you'd like to read a summary of his whole speech please follow this link. 

​
",article
u/cryptobach,6 days ago,"A lot of people seem to be worried that they will miss the token swap, this will not be the case as there is no set time frame. MATRIX wants everyone to have the ability to convert their tokens and as such there is no end date for the token swap. There will be more exchanges who will be supporting the token swap and it is now just a matter of waiting for their announcements. 
",article
u/reddit_corndog,8 days ago,"So, I'd love to become a dev for this platform, but don't know golang. Any devs out there who know of a good book or tutorial to start with? I do have a background in writing scripts and algorithms (MATLAB guru and some knowledge of C/C++) so I don't need to be spoon fed
",article
u/Kurisu9,8 days ago,"Matrix's AI expert Dr.Deng revealed that Matrix will have involvement in China's Chongqing city! Chongqing is both one of the MAJOR hubs of the Chinese OBOR project as well as one of the provinces rushing to promote the Blockchain industry! Learn more about Blockchain/crypto in China and Chogqing here:

https://medium.com/@cris.montoya92/china-has-big-plans-for-blockchain-positive-chinese-sentiment-to-return-8c86f68c688c
",article
u/cryptobach,10 days ago,"There has been a lot of fud, fear mongering and general curiosity regarding the transfer of 8 million MAN tokens sent to 2 addresses. One that happened to be that of Huobi. 

Now, I do not know why those tokens were moved, but I wanted to clarify that those tokens HAVE NOT BEEN SOLD. 

The 3 million man were not sent to huobi. They are sitting in this address: https://etherscan.io/address/0xaf42647b2bdaa01f6ce41fb01eeb720bc01e8d6d

The 5 million sent to Huobi have not been sold as Huobi's matrix balance has not even changed. I checked Huobi's Matrix balance a few weeks ago and it is relatively the same. Maybe gone up 500,000 or so. 

https://etherscan.io/address/0xfdb16996831753d5331ff813c29a93c76834a0ad

If I have any information in the future, I will keep the community updated. 
",article
u/cryptobach,11 days ago,"The concept of blockchain has been around for the past few years, but Matrix is attempting to further develop its capabilities by ushering in the next generation of blockchain technology. 

Some of Matrix's important features are:


Intelligent Smart Contacts: Using nothing more than natural language and user intent, smart contracts are automatically generated through the use of Artificial Intelligence.
Automated AI Security Auditing: Using Artificial Intelligence Matrix is able to automatically audit smart contracts for bugs and security holes.
High Throughput: Using a unique POS/POW hybrid engine and proprietary hardware, MATRIX is aiming to achieve 1,000,000 transactions per second. 
Green Mining: MATRIX is the only blockchain to use a statistical modelling engine to go well beyond simple mining calculations. MATRIX’s model is able to compute statistical, probability and AI calculations all in a purposeful and eco friendly way. 

",article
u/pukis3891,12 days ago,"https://www.youtube.com/watch?v=-zp90owXdSw&feature=youtu.be  Если вы всегда хотите быть в курсе о новостях проекта Matrix на русском языке, присоединяйтесь к нашему официальному российскому Twitter кaнaлу @Matrixrussia1. 
",article
u/cryptobach,12 days ago,"A lot of times when the market is down like this a lot of discussion is centered among price discussion and as such we miss out on all the other things happening in the community. 

Over all of matrix's social media accounts there are over 100,000+ community members, and over 26,00 token holders, I can imagine that in the next year that number might double or even triple. It is exciting to see how the future of the project will unfold. 
",article
u/Varadon,12 days ago,"Hi Leute,

würde mich freuen, wenn ihr einen Blick in meinen Artikel wirft, der euch zeigt, warum Matrix die #1 Wahl ist und euch hoffentlich bestärkt, bei diesem Bearmarket zu halten :)

https://medium.com/@h.berg9331/matrix-ai-network-die-1-krypto-die-sie-besitzen-wollen-11672352146 
",article
u/pukis3891,14 days ago,"Многие люди не знают об этом важном партнерстве. Альянс ABCD, или «Альянс по развитию технологий искусственного интеллекта и  блокчейнa», был совместно спонсирован компанией Matrix 5 сентября 2017 года. Альянс является первым в своем роде и стремится стимулировать развитие интеграции ИИ (искусственного Интеллектa) и технологии блокчейн в Китае. В целом, альянс стремится «продвигать инновации для двух технологий, а также технологические инновации, коммерческие инновации и институциональные инновации в соответствующих областях, по мимо этово создавать платформу сотрудничества в области производства, исследования и исследований с функцией обмена технологиями, стандартами и интеллектуальными возможностями, правами собственности и внедрением новых технологий. Организации, связанные с альянсом, занимают должности, связанные с искусственным интеллектом и блокчейном. Кроме того, альянс получил дополнительную поддержку от различных экспертов ведущих университетов, таких как Университет Цинхуа и Университет Дьюка. Наконец, в поддержку альянса в университете Цинхуа была создана «первая вычислительная лаборатория, похожая на мозг», известная как «Лаборатория Байеса». Руководителем которого является доктор Дэн Янгдонг, профессор компьютерного программного обеспечения в Университете Цинхуа. Впоследствии также будет создан аналитический центр. B настоящее время профессорам, лабораториям и аспирантам Университета Цинхуа, Университета Чжэнцзян и Университета Ксидиан и руководителям некоторых компаний было предложено присоединиться к аналитическому центру и оказать поддержку. 

Ссылка на статью: matrix-ai-network-and-the-abcd-alliance-in-china. 

Если вы всегда хотите быть в курсе о новостях проекта Matrix на русском языке, присоединяйтесь к нашему официальному российскому Twitter кaнaлу @Matrixrussia1. 
",article
u/pukis3891,15 days ago,"Еще один отличный перевод от моей коллеги! Не забудьте оставить аплодисменты! Ссылка: matrix-ai-network Если вы всегда хотите быть в курсе о новостях проекта Matrix на русском языке, присоединяйтесь к нашему официальному российскому Twitter кaнaлу @Matrixrussia1.
",article
u/pccoin7,16 days ago,"Hi folks. I’ve been hodling my MAN tokens in this bear market but not paid attention to the token swap. Is there a date for this yet? Cheers.
",article
u/pukis3891,16 days ago,"Мы медленно приближаемся к финальной стадии нашего конкурса. Я хочу напомнить вам, ребята, что осталось всего две недели. 

С 10 декабря по 16 декабря. Тестирование AI Server Service - AI Pose Detection Transaction Format 4. Тема - спорт / спортсмены. 

С 17 декабря по 23 декабря. Тестирование AI Server Service - AI Pose Detection Transaction Format 4. Тема - люди, использующие технологии. 

Не ленитесь и присылайте нам свои тестовые изображения !!! Выиграй MAN!!!

Если вы всегда хотите быть в курсе о новостях проекта Matrix на русском языке, присоединяйтесь к нашему официальному российскому Twitter кaнaлу @Matrixrussia1. 
",article
u/AnarAchronist,17 days ago,"just found the following and thought it was worth sharing

​

https://www.nvidia.com/object/professor_partners_bios_yangdong.html
",article
u/cryptobach,16 days ago,"Recently there has been some concern about the commits on github being "fake" or "overly basic".

As  a result of the Matrix github being public and open, anyone can leave  commits on the master branch. This has resulted in community members  leaving commits, the "overly basic" commits were not left by someone  from inside the Matrix R&D Department.The Matrix R&D department  only uses a single account: matrixhaolin to make commits, any other commits are not from the Matrix team.

Due  to this the Matrix team will will set/limit the controls/permissions  dictating who is allowed to leave commits on the Master branch. Other  branches will remain open.

I hope this clarifies it and if you have any other questions or concerns please comment below.
",article
u/sonjp,16 days ago,"Does the 10.000 man staking masternode need additional hardware to run?
",article
u/1nst1nct1,17 days ago,"On November 14, Beijing time, the 2018 China (Beijing) International Technology Transfer Conference, co-sponsored by the Ministry of Science and Technology of China and the Beijing Municipal People's Government and hosted by the Beijing Municipal Science and Technology Commission, was successfully opened at the National Convention Center. The three-day conference will hold a round-table forum on transnational technology transfer and regional innovation cooperation, focusing on the three main lines of “technology transfer factor integration (element), key country regional cooperation (country), and high-tech industry development (area)”. 11 parallel special events such as the International Innovation Capital Forum and the Artificial Intelligence Forum.

As the chief artificial intelligence scientist of MATRIX, the initiator of the Matrix Digital Economic Think Tank, associate professor of Tsinghua University, and well-known artificial intelligence scholar Yangdong Deng was invited to attend the artificial intelligence special forum and delivered a keynote speech, focusing on the theme of “open innovation, win-win future”. Together with the well-known scholars and entrepreneurs present, they bring fresh academic sharing to the audience. The following is the content:

Yangdong Deng said that with deep learning technology, machines can do better than people in things that people are good at. Especially after AlphaGo defeated humans for the first time in 2016, deep learning made an important breakthrough in the whole machine learning, and the best human brain could not compare with artificial intelligence. However, there is a characteristic of deep learning technology or AI technology, that is, the processing problem is very simple. These technologies are very specific. Each network and each tool solves a specific problem and cannot adapt to the change of the environment. This is called weak artificial intelligence.

Yangdong Deng believes that artificial intelligence should be a kind of ability to change. Through an algorithm or a set of mechanisms, it can adapt and solve various problems. This is called strong artificial intelligence. His team is trying to make a machine that thinks like humans, designing the computational body structure that supports Bayesian computation from the bottom. At the same time, they add a random source to each unit. After the data passes through the random source, it can be coupled to one. Item classification, combined to produce an arbitrary distribution. On the other hand, Yangdong Deng uses probabilistic programming language, which is characterized by the improvement of the random probability distribution of each variable, rather than a simple fixed-valued variable, so it is compatible with Bayesian reasoning.

Yangdong Deng finally said that the previously designed GPU open source platform was accelerated after the transformation, and the work of deep convolutional network was done with a GPU-like architecture. But in fact, a chip is not enough. Even if you can make a chip, you can simulate the function. You still need a lot of chips. The chip needs to be combined with different computing powers of the Blockchain. On this, we can do a lot of applications, such as doing a whole brain. Simulation, simulation of cognitive development processes, machines that think and learn like humans, this is called strong artificial intelligence, or general artificial intelligence.

source: https://www.linksfin.com/article/196649
",article
u/pukis3891,17 days ago,"Давайте подумаем, как MATRIX может повлиять на интернет вещей? 

1.Укрепление доверия - доверие может быть сохранено в блокчейне для проверки устройствами.

2.Сокращение затрат - устранение необходимости в дополнительных традиционных протоколах, оборудовании или накладных расходах на связь.


Эффективный обмен данными - сокращение времени, необходимого для завершения обмена информацией об устройстве и времени обработки.
Безопасность масштабирования - MATRIX имеет большие перспективы для системы, которая должна информацию о миллионах хранимых устройств с помощью защиты искусственного интеллекта.


Вся статья здесь: creating-value-by-integrating-matrix-and-io

Если вы всегда хотите быть в курсе о новостях проекта Matrix на русском языке, присоединяйтесь к нашему официальному российскому Twitter кaнaлу @Matrixrussia1. 

​
",article
u/pukis3891,18 days ago,"Мое старое видео, которое осталось в старом реддите. Я думаю, что это видео все еще полезно для людей, которые присоединяются к нашему сообществу: youtube.  Если вы всегда хотите быть в курсе о новостях проекта Matrix на русском языке, присоединяйтесь к нашему официальному российскому Twitter кaнaлу @Matrixrussia1. 
",article
u/cryptobach,19 days ago,"MATRIX token holders will be able to combine their tokens to stake tokens with the same node ID. MATRIX will design a smart contract that will manage the division of tokens for pooled staking, but token holders can choose not to use this contract. You can either use your own smart contract or even choose not to use a smart contract, of course this is only if you are staking with people that your trust.

This gives you lots of freedom as to the size of the node you want to run.

​
",article
u/cryptobach,19 days ago,"A lot of people seem to be mad that the value of MATRIX has plummeted, though understandable, isn't it better to focus on the bigger pictures. Crypto is quite possibly the biggest opportunity you will have to build wealth in your lifetime.

These prices are not ideal, and MATRIX is not the only project affected. I get that it sucks being down so much, but the negativity expressed further stresses out community members/investors.

Going forward a  year, do you really think MATRIX will still be less than the price it is now? Or even its ATH? If  you believe that in the future the value will be much greater, then it doesn’t matter what price you bought and held at, your  money is not lost!!!

Patience will pay off!
",article
u/turboblockchain,18 days ago,"I saw information.. Don't understand it lol.

Would someone be kind enough to explain the following.. 


What do I need to buy to run a node? (The one for 10k Man holders.) Can it be run on a satellite portable wifi? 
Are there any risks to pooling with friends for one node? 
Node/token economics in laymans terms please. Like how much dalla bills go into my pocket, at what rate? Lets say at 10kMan.



Thanks!
",article
u/pukis3891,19 days ago,"Насколько вы знаете,  был запущен конкурс дизайна талисмана для Matrix. После голосования мы с радостью объявляем победителя! Познакомьтесь, это  Chipman!! Вы можете прочитать полную статью здесь: matrix-mascot-winners-announced.  Если вы всегда хотите быть в курсе о новостях проекта Matrix на русском языке, присоединяйтесь к нашему официальному российскому Twitter кaнaлу @Matrixrussia1. 

https://i.redd.it/glwg8gks0y221.png
",article
u/cryptobach,19 days ago,"In light of the current negative sentiment, I thought it would be nice to discuss some ways MATRIX would be able to impact the world if they accomplish what they set out to do.

​

For me, environmentalism is close to my heart and as such the fact that MATRIX is making strides to get rid of wasteful mining and instead ensure that the electricity is used for other purposeful operations such as disease diagnostics etc was one of the selling points of matrix. I think this can positively impact the world we live in, by not only reducing waste but by also helping the diagnosis of life threatening diseases and potentially saving lots of lives. 

What type of other ways do you see MATRIX benefiting the world?
",article
u/sonjp,19 days ago,"Can somebody explain why this partnership is not mentioned under partnerships on their official website?
",article
u/pukis3891,20 days ago,"Еще один удивительный перевод от Натали для нашего любимого сообщества! matrix-ai-network-russian Пожалуйста, оставьте аплодисменты для поддержки!  Если вы всегда хотите быть в курсе о новостях проекта Matrix на русском языке, присоединяйтесь к нашему официальному российскому Twitter кaнaлу @Matrixrussia1. 
",article
u/pukis3891,21 days ago,"Сегодня один мошенник пытался убедить меня участвовать в лотерее. Что он может сделать меня победителем джекпота. К сожалению, это был не его день :) Ребята, держите свои MAN токены в безопасности! Не поддавайтесь мошенническим трюкам!  Если вы всегда хотите быть в курсе о новостях проекта Matrix на русском языке, присоединяйтесь к нашему официальному российскому Twitter кaнaлу @Matrixrussia1. 

https://i.redd.it/ul87r9ybqj221.jpg
",article
u/pukis3891,22 days ago,"Mестное правительство #Тяньцзиня инвестировало в Китайский союз стандартов и инноваций, запущенный сетью #MatrixAINetwork, и является крупным проектом #AI для местных органов власти!  Если вы всегда хотите быть в курсе о новостях проекта Matrix на русском языке, присоединяйтесь к нашему официальному российскому Twitter кaнaлу @Matrixrussia1. 
",article
u/Kurisu9,22 days ago,"Greetings! Still confused about Matrix masternodes? Please leave your questions here and I will submit them to the team! 
",article
u/pukis3891,23 days ago,"Спросите #Matrix 25 Главные события этой недели: · Проголосуйте за Matrix Gaming талисман · Matrix AI Server соревновательный раунд 2 · Новые статьи в СМИ · Партнеры Фонда развития экосистемы. Ссылка на видео:

 https://www.youtube.com/watch?v=wpSAv0YUW08  Если вы всегда хотите быть в курсе о новостях проекта Matrix на русском языке, присоединяйтесь к нашему официальному российскому Twitter кaнaлу @Matrixrussia1. 
",article
u/MesoGummy,24 days ago,"",article
u/pukis3891,24 days ago,"MATRIX ежемесячный отчет за ноябрь теперь доступен. В ноябре этого года мы достигли большого количества этапов в области исследований и разработок и улучшили технологию blockchain до нового уровня. С каждым днем мы все ближе и ближе к запуску mainnet.  Полная статья: https://medium.com/@matrixainetwork/matrix-monthly-report-for-november-2018-7811b830afcd Не забывайте, что с более близкой датой к запуску mainet цена токенов MAN может повыситься!  Если вы всегда хотите быть в курсе о новостях проекта Matrix на русском языке, присоединяйтесь к нашему официальному российскому Twitter кaнaлу @Matrixrussia1. 
",article
u/cryptobach,25 days ago,"Its now nearing the end of the year, and with the main net due any time soon, as such I thought it would be a good idea to reflect on MATRIX's accomplishments so far.

As community members and investors, how have you seen the progress MATRIX has made over this year. Are you satisfied or are you disappointed?

Personally when i invested at the start of the year, I was not expecting to see much development regarding the main net in 2018, this was because the roadmap had stated that it would be released in 2019. This also seemed to be the issue people had with Matrix back then, that the road map would be stretching out long.

So i am quite pleased that MATRIX is ahead of schedule and moving things along nice and fast. I'm also quite happy with the developments of the AI server, and the impending release of dAPPs. 

Overall, its been a good year in my opinion.

How have you guys found this year to be?
",article
u/depp1995,25 days ago,"With the upcoming Main-Net Release and Token swap I wanted to know if there is something planned for Nano Ledger Support of MAN.

Its very important to be able to store my Coins secure on a Ledger or any other device. So is there already something in work or is this for the Matrix Team a lower priority or even non at all?
",article
u/pukis3891,25 days ago,"Еще один известный человек в криптосистеме поможет MAN стать лучшим проектом!  @CryptoShillNye. Он рад сообщить, что его команда и он будут работать внутри с  @MATRIXAINetwork, чтобы помочь в создании и внедрении социальных сетей и стратегий построения сообществ. Еще одно партнерство показывает, что проект продвигается вперед!  Если вы всегда хотите быть в курсе о новостях проекта Matrix на русском языке, присоединяйтесь к нашему официальному российскому Twitter кaнaлу @Matrixrussia1. 
",article
u/cryptobach,26 days ago,"30 $man tokens will be granted per creation of new block while mining. Every year total block rewards will comprise 20% of remaining tokens, example: 80 million in year 1, 64 million in year 2. 

Block rewards are split between several different parties, not just the individual block miner. 

Block rewards comprise of staking rewards, raffles etc, more details provided soon. 
",article
u/pukis3891,26 days ago,"Пожалуйста, проголосуйте за наших финалистов конкурса талисманов! Выберите тот, который вам нравится! https://medium.com/@matrixainetwork/get-out-the-vote-announcing-the-matrix-mascot-design-competition-popular-choice-finalists-da0beb08bafa  Если вы всегда хотите быть в курсе о новостях проекта Matrix на русском языке, присоединяйтесь к нашему официальному российскому Twitter кaнaлу @Matrixrussia1. 
",article
u/Steven_Shillberg,26 days ago,"https://twitter.com/ProofofResearch/status/1067852616640733185

If you see his profile we can see he values integrity and objectivity above all. Here's hoping he can provide some valuable insights for us! At least we know we can get an unbiased review about the project, which is great for us. Whatever the result may be, i'm sure valuable lessons will be learned for us all. 
",article
u/pukis3891,27 days ago,"Еще один магазин, который принимает оплату в $ MAN, обеспечивая более быстрые и безопасные транзакции! Проверьте сами: https://santagloriani-clothes.com.  Если вы всегда хотите быть в курсе о новостях проекта Matrix на русском языке, присоединяйтесь к нашему официальному российскому Twitter кaнaлу @Matrixrussia1. 
",article
u/cameltoe66,28 days ago,"Is the available yet? if not then anyone know when? 
",article
u/Steven_Shillberg,28 days ago,"In order to know what the community wants and thinks i have opened a poll on Twitter. We would like to ask you to rate our customer support on a scale from 1-4. Please also take the time to leave a short motivation for your rating. This data will be forwarded to community management.

​

Thank you for your enduring support!

​

- Steven, community manager 
",article
u/pukis3891,28 days ago,"https://www.youtube.com/watch?v=crEgd7JQvCQ   Если вы всегда хотите быть в курсе о новостях проекта Matrix на русском языке, присоединяйтесь к нашему официальному российскому Twitter кaнaлу @Matrixrussia1. 
",article
u/pukis3891,29 days ago,"Просто взгляните на все преимущества, которые проект MAN приносит экосистеме!  Какой проект, по вашему мнению, лучше? Конечно Matrix ! Если вы всегда хотите быть в курсе о новостях проекта Matrix на русском языке, присоединяйтесь к нашему официальному российскому Twitter кaнaлу @Matrixrussia1. 

https://i.redd.it/tbmrvcaw2y021.jpg
",article
u/WhyMeNowHere,1 month ago,"",article
u/TLSOK,1 month ago,"I did a search here on where buy and got no results. Not seeing at Binance.

",article
u/pukis3891,1 month ago,"Вероятно, не так много людей здесь помнят Пузырь доткомов . Я нашел эту фотографию, на ней цены акций за год до пузыря и после ... Это что-то напоминает? Эти компании даже в трудные времена не переставали работать над своим продуктом. Просто взгляните в интернетe, где они сейчас и сколько стоят их акции. Все они имеют одну общую характеристику, они создавали новые технологии и решали старые проблемы. Я считаю, что Matrix проект может быть одним из победителей на новом развивающемся рынке, потому что он решает проблемы с помощью новых технологий! Помните, история любит повторяться! И не важно, что произойдет, будущее всегда будет за эволюцией технологий...

https://i.redd.it/13rtim225r021.jpg

",article
u/MATRIXAINETWORK,1 month ago,"In light of the success of the first last MATRIX AI Server competition, the MATRIX team has decided it is time for part 2!

Also, the tech team is hoping to increase the volume of submissions to stress test a few things so... win-win! Speaking of winning, as before, you can win MAN tokens by playing along!

​

Rules

The competition will run from Monday, November 26th, 2018 to Sunday, December 23rd, 2018.
Each week will have varying themes and AI Server transaction format requirements.
Date	AI Server Service	Theme
November 26th to December 2nd	AI Object Detection Transaction Format 5	The Natural World
December 3rd to December 9th	AI Object Detection Transaction Format 5	Cozy Places
December 10th to December 16th	AI Pose Detection Transaction Format 4	Sports/Athletes
December 17th to December 23rd	AI Pose Detection Transaction Format 4	People Using Tech
AI-processed images can be submitted via the official MATRIX Telegram Group, the community-driven Testnet Telegram Group, Twitter (using the hashtag #MATRIXAI) or in this dedicated Reddit thread. Only AI-processed images sent via these channels are eligible.
Every week, the picture that best represents the week’s theme will win 500 MAN tokens.
As a friendly reminder, MATRIX community members need testnet tokens to participate. If you do not have any, please be sure to open a MATRIX Testnet Wallet. Then, send your Testnet wallet address to [matrix_testnet@matrix.io](mailto:matrix_testnet@matrix.io) to receive testnet tokens. Do not send your real ERC20 wallet address.

",article
u/pukis3891,1 month ago,"На этот раз правила немного отличаются!

1! Конкурс будет проходить с понедельника, 26 ноября 2018 года до воскресенья, 23 декабря 2018 года. Это 4 недели!

2! Каждую неделю у нас будут разные темы и требования к формату транзакций AI Server.

a) Первая неделя. С 26 ноября по 2 декабря. Тестирование AI Server Service - AI Object Detection Transaction Format 5. Тема - естественный мир.

b) Вторая неделя. С 3 декабря по 9 декабря. Тестирование AI Server Service - AI Object Detection Transaction Format 5. Тема - уютные места.

c) Третья неделя. С 10 декабря по 16 декабря. Тестирование AI Server Service - AI Pose Detection Transaction Format 4. Тема - спорт / спортсмены.

d) Четвертая неделя. С 17 декабря по 23 декабря. Тестирование AI Server Service - AI Pose Detection Transaction Format 4. Тема - люди, использующие технологии.

3! Обработанные AI изображения могут быть отправлены через официальную группу MATRIX Telegram Group , группу сообщества Testnet Telegram Group, Twitter (используя hashtag #MATRIXAI) или в специальной теме Reddit. Только ИИ-обработанные изображения, отправленные через эти каналы имеют право на получение приза.

4! Каждую неделю изображение, которая лучше всего отражает тему недели, получит 500 токенов MAN. Значение каждой темы зависит от толкования автора! Не бойтесь стать немного креативными!

В качестве дружественного напоминания членам сообщества MATRIX нужны токены testnet для участия.

Для участия вам нужны токены testnet и кошелек testnet!

Если вы всегда хотите быть в курсе о новостях проекта Matrix на русском языке, присоединяйтесь к нашему официальному российскому Twitter кaнaлу @Matrixrussia1.

​

​

",article
u/cryptobach,1 month ago,"At times like these it can be difficult to have faith in cryptocurrencies, and we've seen constant FUD everywhere. But rest assured the market will pick back up again, and bigger and better than ever. Yes, lots of projects will probably vanish within this time and the scam coins will likely die. But the strong projects will remain.

As Owen Tao mentioned in the AMA even though the market conditions are not ideal, MATRIX is not in any financial difficulty and has enough funds to weather this storm. Remember that a majority of MATRIX's funding was not though an ICO, but through VCs.

So relax, have a beer and let this blow over, the MATRIX team is working hard to deliver what they promised, and I am sure a year from now this will be a blip in the radar.

",article
u/pukis3891,1 month ago,"Еще одно чудесное партнерство! MATRIX работает с LITEX для обеспечения взаимодействия с другими общественными чейнaми, a также для возможности переводов между несколькими крипто токенами, а также между крипто токенами и fiat валютами. Полная статья: https://medium.com/@matrixainetwork/what-the-tech-matrix-working-with-litex-e50f4ce52013. Если вы всегда хотите быть в курсе о новостях проекта Matrix на русском языке, присоединяйтесь к нашему официальному российскому Twitter кaнaлу @Matrixrussia1.

",article
u/cryptobach,1 month ago,"There have been a few questions as to when MATRIX will be swapping its current ERC20 token standard, towards the main net tokens.

Currently there is no set date for the token swap, but standard procedure is being undertaken such as on boarding exchanges etc. Once this has been finalized and the main net deployed and released we can expect a fixed date as to when investors will be able to swap their tokens, I would estimate around January 2019, February at the latest.

I hope this clarifies things a bit.

",article
u/pukis3891,1 month ago,"Г лавные события этой недели: · Reddit #AMA c Оуэном Tao · Новые отчеты в средствах массовой информации · Партнеры Фонда развития экосистемы · Встреча в Шэньчжэне, Китай · Создание Совета CSIA #AI и #Blockchain. Также присоединяйтесь к нашему официальному российскому Twitter каналу @Matrixrussia1 Ссылка на видео: https://www.youtube.com/watch?v=zfFfwWNUdrM&feature=youtu.be

",article
u/pukis3891,1 month ago,"Натали как обычно переводит одну статью за другой, и я даже не могу найти время, чтобы прочитать их все :) На этот раз она перевела сессию AMA с Оуэном Tао. Я рекомендую прочитать всю статью, потому что на мой взгляд, на много старых вопросов были даны ответы. Я думаю, что ответы показывают более четкую картину, куда движется проект MAN. Не забудьте оставить аплодисменты, потому что Natali и я, прилагаем все усилия, чтобы перевести для вас все важные новости, связанные с Matrix. Также присоединяйтесь к нашему официальному российскому Twitter каналу @Matrixrussia1 Ссылка на статью: https://medium.com/matrix-ai-network-russian/%D0%BA%D1%80%D0%B0%D1%82%D0%BA%D0%BE%D0%B5-%D1%80%D0%B5%D0%B7%D1%8E%D0%BC%D0%B5-ama-%D1%81%D0%B5%D1%81%D1%81%D0%B8%D0%B8-matrix-ai-network-b98cedee1c9

",article
u/HotAres,1 month ago,"Hey guys,

Can anyone provide clarity on the mainnet launch and will it be a standard token swop such as EOS etc. and if any exchanges have voiced support (such as kucoin). This crypto bloodbath is getting too much and I wish to look away for the next couple of months but don’t want to lose my MAN coins in the process. Advice would be appreciated.

",article
u/pukis3891,1 month ago,"Привет ребята! Очень классный перевод от Natali. Не забудьте оставить аплодисменты, если вам понравится статья! Также присоединяйтесь к нашему официальному российскому Twitter каналу @Matrixrussia1

https://medium.com/matrix-ai-network-russian/%D1%87%D1%82%D0%BE-%D0%BD%D0%BE%D0%B2%D0%BE%D0%B3%D0%BE-matrix-%D0%BF%D0%BE%D0%B4%D0%B4%D0%B5%D1%80%D0%B6%D0%B8%D0%B2%D0%B0%D0%B5%D1%82-ipfs-b4347bc1bfe1

",article
